{"0.0005": 0.8527829051017761, "0.0001": 0.870635986328125, "5e-05": 0.9063448905944824, "1e-05": 0.9301276803016663, "5e-06": 0.926066517829895, "1e-06": 0.9290728569030762, "5e-07": 0.9225406050682068, "1e-07": 0.9105930328369141}